Размер НД;Функция;Потоков;Время(мс)
100000;Заполнение (посл.);1;3.99999
100000;Сложение (посл.);1;0.126251
100000;Сумма эл-тов (посл.);1;0.258126
100000;Заполнение (парал. FOR);2;2.00001
100000;Сложение (парал. FOR);2;0.0839582
100000;Сложение (парал. Sections);2;0.0895833
100000;Сумма эл-тов (редуктор);2;0.154376
100000;Сумма эл-тов (крит. секция);2;0.897083
100000;Заполнение (парал. FOR);3;1.5375
100000;Сложение (парал. FOR);3;0.070625
100000;Сложение (парал. Sections);3;0.0972917
100000;Сумма эл-тов (редуктор);3;0.115834
100000;Сумма эл-тов (крит. секция);3;0.74
100000;Заполнение (парал. FOR);4;1.2
100000;Сложение (парал. FOR);4;0.0597916
100000;Сложение (парал. Sections);4;0.0999998
100000;Сумма эл-тов (редуктор);4;0.1
100000;Сумма эл-тов (крит. секция);4;0.75375
170000;Заполнение (посл.);1;6.76666
170000;Сложение (посл.);1;0.22
170000;Сумма эл-тов (посл.);1;0.45
170000;Заполнение (парал. FOR);2;3.62501
170000;Сложение (парал. FOR);2;0.141042
170000;Сложение (парал. Sections);2;0.15
170000;Сумма эл-тов (редуктор);2;0.26625
170000;Сумма эл-тов (крит. секция);2;1.77812
170000;Заполнение (парал. FOR);3;3.21251
170000;Сложение (парал. FOR);3;0.113542
170000;Сложение (парал. Sections);3;0.15
170000;Сумма эл-тов (редуктор);3;0.177083
170000;Сумма эл-тов (крит. секция);3;1.25708
170000;Заполнение (парал. FOR);4;2.02501
170000;Сложение (парал. FOR);4;0.0910418
170000;Сложение (парал. Sections);4;0.151876
170000;Сумма эл-тов (редуктор);4;0.148125
170000;Сумма эл-тов (крит. секция);4;1.27438
240000;Заполнение (посл.);1;9.45835
240000;Сложение (посл.);1;0.303126
240000;Сумма эл-тов (посл.);1;0.630418
240000;Заполнение (парал. FOR);2;5.3125
240000;Сложение (парал. FOR);2;0.194166
240000;Сложение (парал. Sections);2;0.203333
240000;Сумма эл-тов (редуктор);2;0.363333
240000;Сумма эл-тов (крит. секция);2;2.47375
240000;Заполнение (парал. FOR);3;3.93333
240000;Сложение (парал. FOR);3;0.146042
240000;Сложение (парал. Sections);3;0.223333
240000;Сумма эл-тов (редуктор);3;0.268542
240000;Сумма эл-тов (крит. секция);3;1.74625
240000;Заполнение (парал. FOR);4;3.01666
240000;Сложение (парал. FOR);4;0.121459
240000;Сложение (парал. Sections);4;0.224167
240000;Сумма эл-тов (редуктор);4;0.199583
240000;Сумма эл-тов (крит. секция);4;1.70333
310000;Заполнение (посл.);1;12.0958
310000;Сложение (посл.);1;0.396875
310000;Сумма эл-тов (посл.);1;0.806876
310000;Заполнение (парал. FOR);2;6.85
310000;Сложение (парал. FOR);2;0.237292
310000;Сложение (парал. Sections);2;0.249792
310000;Сумма эл-тов (редуктор);2;0.457292
310000;Сумма эл-тов (крит. секция);2;3.14083
310000;Заполнение (парал. FOR);3;4.86667
310000;Сложение (парал. FOR);3;0.174999
310000;Сложение (парал. Sections);3;0.265625
310000;Сумма эл-тов (редуктор);3;0.321459
310000;Сумма эл-тов (крит. секция);3;2.17771
310000;Заполнение (парал. FOR);4;3.79167
310000;Сложение (парал. FOR);4;0.143542
310000;Сложение (парал. Sections);4;0.265
310000;Сумма эл-тов (редуктор);4;0.25375
310000;Сумма эл-тов (крит. секция);4;2.22708
